year,run,total,passed,efficiency
2022,355863,1143,1086,95.013123
2022,355870,2395,2271,94.822547
2022,355872,109736,103958,94.734636
2022,355933,1056,987,93.465909
2022,355942,2245,2061,91.804009
2022,355988,4430,4025,90.857788
2022,355989,1959,1731,88.361409
2022,355998,4155,3816,91.841155
2022,355999,1083,1001,92.428440
2022,356004,2117,1977,93.386868
2022,356005,18847,17905,95.001857
2022,356043,8664,7955,91.816713
2022,356075,21937,20642,94.096732
2022,356076,27122,25506,94.041737
2022,356077,78978,74551,94.394642
2022,356135,4086,3765,92.143906
2022,356309,17617,16517,93.756031
2022,356316,14479,13795,95.275917
2022,356322,3298,3071,93.117041
2022,356323,114397,107721,94.164183
2022,356371,2486,2279,91.673371
2022,356378,65267,61417,94.101154
2022,356381,208871,198574,95.070163
2022,356383,4802,4569,95.147855
2022,356385,4008,3799,94.785429
2022,356386,13861,13178,95.072506
2022,356426,4005,3777,94.307116
2022,356428,72658,68354,94.076358
2022,356433,76143,71943,94.484063
2022,356446,148124,139860,94.420891
2022,356523,256951,244884,95.303774
2022,356563,81339,77574,95.371224
2022,356568,5131,4882,95.147145
2022,356569,72041,68614,95.242987
2022,356570,30451,28980,95.169288
2022,356576,41593,39667,95.369413
2022,356578,244696,233116,95.267597
2022,356582,23096,22052,95.479737
2022,356614,12479,11854,94.991586
2022,356615,365612,347967,95.173845
2022,356619,38509,36777,95.502350
2022,356810,40390,38522,95.375093
2022,356811,20173,19130,94.829723
2022,356812,47480,45139,95.069503
2022,356813,23105,21981,95.135252
2022,356814,246745,235253,95.342560
2022,356815,30133,28761,95.446852
2022,356824,15554,14815,95.248811
2022,356919,33072,31406,94.962506
2022,356937,44923,42768,95.202903
2022,356946,53829,50955,94.660871
2022,356947,143466,136654,95.251837
2022,356948,31313,29904,95.500271
2022,356949,33940,32401,95.465527
2022,356951,92161,88081,95.572965
2022,356954,108889,104010,95.519290
2022,356955,101426,96743,95.382841
2022,356956,23532,22438,95.351011
2022,356968,74359,70732,95.122312
2022,356969,100872,96117,95.286105
2022,356970,150029,142937,95.272914
2022,356998,2420,2278,94.132231
2022,356999,24561,23327,94.975775
2022,357000,16836,15999,95.028510
2022,357001,79453,75624,95.180799
2022,357080,300567,285880,95.113569
2022,357081,281030,268218,95.441056
2022,357101,26454,25064,94.745596
2022,357102,54243,51473,94.893350
2022,357106,26838,25425,94.735077
2022,357112,212360,201970,95.107365
2022,357268,33607,31860,94.801678
2022,357271,652608,619794,94.971867
2022,357328,25663,24232,94.423879
2022,357330,65772,62446,94.943137
2022,357331,8466,8006,94.566501
2022,357332,152367,144616,94.912940
2022,357333,66876,63676,95.215025
2022,357401,260917,248256,95.147499
2022,357406,51095,48403,94.731383
2022,357438,95123,90482,95.121054
2022,357440,175671,167060,95.098223
2022,357441,38838,36979,95.213451
2022,357442,480912,458836,95.409555
2022,357472,10912,10376,95.087977
2022,357479,504719,480392,95.180090
2022,357482,76647,73220,95.528853
2022,357538,8361,7940,94.964717
2022,357542,127512,120847,94.773041
2022,357550,17673,16793,95.020653
2022,357610,70221,66642,94.903234
2022,357611,169259,160990,95.114588
2022,357612,239978,228766,95.327905
2022,357613,71655,68415,95.478334
2022,357688,199084,188616,94.741918
2022,357696,186533,177026,94.903315
2022,357697,19330,18283,94.583549
2022,357698,28857,27440,95.089580
2022,357699,13607,12964,95.274491
2022,357700,323405,307858,95.192715
2022,357701,108749,103587,95.253290
2022,357705,60913,58077,95.344179
2022,357706,42661,40629,95.236867
2022,357720,27940,26419,94.556192
2022,357732,62803,59497,94.735920
2022,357734,168608,160164,94.991934
2022,357735,498152,474838,95.319902
2022,357756,227981,216661,95.034674
2022,357757,3267,3124,95.622896
2022,357758,38873,37027,95.251203
2022,357759,31318,29839,95.277476
2022,357766,57021,53935,94.587959
2022,357777,36424,34731,95.351966
2022,357778,138381,132112,95.469754
2022,357779,26689,25496,95.529994
2022,357781,3356,3173,94.547080
2022,357802,81834,77527,94.736906
2022,357803,82901,78743,94.984379
2022,357804,12372,11682,94.422890
2022,357805,46804,44410,94.885053
2022,357806,24886,23598,94.824399
2022,357807,122277,116444,95.229683
2022,357808,6742,6395,94.853159
2022,357809,18850,17973,95.347480
2022,357812,22652,21596,95.338160
2022,357813,124868,118998,95.299036
2022,357814,81283,77488,95.331127
2022,357815,308115,293672,95.312465
2022,357898,165275,156914,94.941159
2022,357899,292337,278206,95.166195
2022,357900,187422,178827,95.414092
2022,359569,2213,2134,96.430185
2022,359571,3696,3509,94.940476
2022,359575,2049,1942,94.777940
2022,359595,9744,9275,95.186782
2022,359597,3397,3208,94.436267
2022,359602,8442,8002,94.787965
2022,359609,2602,2449,94.119908
2022,359612,1178,1123,95.331070
2022,359661,39708,37509,94.462073
2022,359685,33018,31352,94.954267
2022,359686,182913,173800,95.017850
2022,359691,56987,53815,94.433818
2022,359693,257316,243940,94.801722
2022,359694,344656,326719,94.795680
2022,359699,656253,622852,94.910347
2022,359718,190073,180020,94.710979
2022,359750,76162,71950,94.469683
2022,359751,479164,454300,94.810962
2022,359762,124428,117674,94.571961
2022,359763,235606,223284,94.770082
2022,359764,402299,381581,94.850099
2022,359806,221132,210082,95.002985
2022,359808,26078,24829,95.210522
2022,359809,23787,22616,95.077143
2022,359810,97629,92926,95.182784
2022,359812,110427,105113,95.187771
2022,359814,161367,153624,95.201621
2022,359870,3686,3405,92.376560
2022,359871,149673,141698,94.671718
2022,359899,12097,11464,94.767298
2022,359998,912090,861718,94.477299
2022,360017,18036,17108,94.854735
2022,360019,739413,698827,94.511051
2022,360075,459265,432621,94.198556
2022,360090,319943,302511,94.551529
2022,360125,104093,98013,94.159069
2022,360126,190564,179794,94.348355
2022,360127,93404,88178,94.404951
2022,360128,70218,66229,94.319120
2022,360130,1406,1327,94.381223
2022,360131,141086,133535,94.647945
2022,360141,451446,425314,94.211489
2022,360295,814082,775442,95.253549
2022,360296,211665,200880,94.904684
2022,360327,206244,196087,95.075251
2022,360390,41657,39059,93.763353
2022,360391,2374,2178,91.743892
2022,360392,37512,35174,93.767328
2022,360393,76636,72315,94.361658
2022,360400,38260,35387,92.490852
2022,360413,55731,51516,92.436884
2022,360428,44239,41038,92.764303
2022,360432,17256,16035,92.924200
2022,360435,29689,27609,92.994038
2022,360437,25465,23679,92.986452
2022,360438,3806,3490,91.697320
2022,360458,101219,93961,92.829409
2022,360459,722469,670609,92.821837
2022,360460,375394,349812,93.185293
2022,360486,170555,158137,92.719064
2022,360490,587340,545852,92.936289
2022,360491,63899,59535,93.170472
2022,360737,1369,1292,94.375457
2022,360761,14277,13263,92.897668
2022,360794,414871,385205,92.849344
2022,360795,226206,210175,92.913097
2022,360797,2104,1942,92.300380
2022,360820,543381,504419,92.829709
2022,360825,181456,168836,93.045146
2022,360826,54304,50484,92.965527
2022,360856,4830,4636,95.983437
2022,360874,4854,4636,95.508859
2022,360876,33347,31778,95.294929
2022,360919,504223,479330,95.063097
2022,360920,2274,2104,92.524186
2022,360921,125616,119348,95.010190
2022,360927,1033035,983787,95.232688
2022,360941,38935,36878,94.716836
2022,360942,220009,208941,94.969297
2022,360945,58123,55216,94.998538
2022,360946,219832,209370,95.240911
2022,360948,65680,62506,95.167479
2022,360950,334443,318441,95.215328
2022,360951,71495,68184,95.368907
2022,360991,42030,39945,95.039258
2022,360992,17196,16369,95.190742
2022,361020,40442,38658,95.588744
2022,361044,73340,69507,94.773657
2022,361045,585431,556885,95.123934
2022,361054,210777,200521,95.134194
2022,361083,11345,10778,95.002204
2022,361091,79247,75756,95.594786
2022,361106,16654,15808,94.920139
2022,361107,85303,81039,95.001348
2022,361108,3207,3005,93.701278
2022,361110,103385,98132,94.918992
2022,361188,85279,80704,94.635256
2022,361193,17255,16308,94.511736
2022,361195,12290,11606,94.434500
2022,361197,1082555,1028088,94.968662
2022,361223,423845,402385,94.936828
2022,361239,656929,623798,94.956685
2022,361240,463232,440955,95.190963
2022,361272,77708,73698,94.839656
2022,361280,171045,162670,95.103628
2022,361283,16583,15705,94.705421
2022,361284,23358,22206,95.068071
2022,361297,588383,559184,95.037416
2022,361303,1207430,1148879,95.150775
2022,361318,293991,278692,94.796099
2022,361319,105480,99971,94.777209
2022,361320,231230,219116,94.761060
2022,361333,187022,176970,94.625231
2022,361361,24121,22830,94.647817
2022,361362,10150,9612,94.699507
2022,361363,12728,12020,94.437461
2022,361365,300571,285163,94.873757
2022,361366,116305,110209,94.758609
2022,361400,287654,273536,95.092020
2022,361417,955561,908402,95.064784
2022,361443,1219478,1159077,95.046979
2022,361468,1095972,1042107,95.085185
2022,361475,752764,716097,95.129018
2022,361512,902928,858784,95.111017
2022,361569,352775,334607,94.849975
2022,361573,189349,179811,94.962741
2022,361579,537465,510586,94.998930
2022,361580,222454,211798,95.209796
2022,361957,514944,489469,95.052860
2022,361971,1277189,1214326,95.078019
2022,361989,65281,62006,94.983226
2022,361990,132092,125342,94.889925
2022,361994,75833,71954,94.884813
2022,362058,97267,92239,94.830724
2022,362059,39515,37498,94.895609
2022,362060,55177,52380,94.930859
2022,362061,199980,189802,94.910491
2022,362062,131764,125064,94.915151
2022,362063,51933,49375,95.074423
2022,362064,445737,424471,95.229025
2022,362087,95051,90465,95.175222
2022,362091,782895,744858,95.141494
2022,362104,64751,61525,95.017838
2022,362105,115101,109160,94.838446
2022,362106,50923,48411,95.067062
2022,362107,491446,467137,95.053577
2022,362148,452624,430070,95.017056
2022,362153,88786,84289,94.935012
2022,362154,418935,398272,95.067731
2022,362159,2467,2341,94.892582
2022,362161,77008,73165,95.009609
2022,362163,41721,39535,94.760432
2022,362166,216735,205816,94.962050
2022,362167,401032,380647,94.916864
2022,362437,15528,14602,94.036579
2022,362439,797483,758224,95.077136
2022,362597,90912,86226,94.845565
2022,362614,99541,94293,94.727801
2022,362615,104916,99316,94.662397
2022,362616,247628,234535,94.712633
2022,362617,169603,160701,94.751272
2022,362618,157807,150016,95.062957
2022,362653,161473,152869,94.671555
2022,362654,16781,15756,93.891902
2022,362655,221138,209863,94.901374
2022,362657,126992,120471,94.865031
2022,362695,201937,191333,94.748857
2022,362698,130823,124015,94.796022
2022,362720,558079,529790,94.931004
2022,362727,2164,2053,94.870610
2022,362728,227189,215856,95.011642
2022,362757,30903,29136,94.282109
2022,362758,129125,122348,94.751597
2022,362760,442318,419937,94.940066
2023,367095,167265,157424,94.116522
2023,367102,22955,21833,95.112176
2023,367103,19818,18801,94.868302
2023,367128,3393,3190,94.017094
2023,367129,1582,1489,94.121365
2023,367133,123221,116912,94.879931
2023,367229,16611,15760,94.876889
2023,367231,10201,9709,95.176943
2023,367263,5040,4767,94.583333
2023,367269,14303,13486,94.287912
2023,367314,9451,8958,94.783621
2023,367416,18249,17357,95.112061
2023,367477,599230,568739,94.911637
2023,367515,350861,332990,94.906530
2023,367516,629554,598595,95.082392
2023,367552,1328,1259,94.804217
2023,367553,393082,373571,95.036405
2023,367554,186092,176902,95.061582
2023,367618,201994,189663,93.895363
2023,367619,278372,260805,93.689380
2023,367666,25537,24226,94.866272
2023,367691,34311,32585,94.969543
2023,367730,230157,218253,94.827878
2023,367742,234827,223206,95.051250
2023,367758,420144,398535,94.856763
2023,367770,68360,64997,95.080456
2023,367771,61222,58125,94.941361
2023,367772,3450,3238,93.855072
2023,367790,76052,72305,95.073108
2023,367831,279109,265050,94.962900
2023,367836,335940,319398,95.075906
2023,367838,490799,466123,94.972280
2023,367840,256968,244646,95.204850
2023,367881,72969,69221,94.863572
2023,367883,706449,670444,94.903383
2023,367884,488566,463462,94.861697
2023,367902,131691,124881,94.828804
2023,367904,67201,63780,94.909302
2023,367905,32866,31183,94.879206
2023,367906,230442,218676,94.894160
2023,367908,219127,206127,94.067367
2023,367910,296338,277647,93.692675
2023,368223,65893,62425,94.736922
2023,368224,9702,9185,94.671202
2023,368229,142098,134423,94.598798
2023,368318,98195,93599,95.319517
2023,368320,119878,114175,95.242663
2023,368321,122585,116660,95.166619
2023,368332,3451,3288,95.276731
2023,368333,6666,6360,95.409541
2023,368382,319473,303023,94.850895
2023,368384,17639,16675,94.534838
2023,368388,549909,522689,95.050090
2023,368389,54078,51595,95.408484
2023,368400,98887,94022,95.080243
2023,368410,644070,612746,95.136553
2023,368489,796695,757896,95.130006
2023,368547,360316,342360,95.016597
2023,368567,195488,185791,95.039593
2023,368609,610401,579922,95.006725
2023,368611,181424,172849,95.273503
2023,368613,104672,99841,95.384630
2023,368636,469621,446130,94.997881
2023,368669,235172,223310,94.956032
2023,368670,171656,162882,94.888614
2023,368672,448126,425763,95.009662
2023,368674,3536,3362,95.079186
2023,368675,17267,16437,95.193143
2023,368676,54873,52263,95.243562
2023,368678,55524,52863,95.207478
2023,368684,36696,34933,95.195662
2023,368685,846464,804528,95.045743
2023,368723,49758,47199,94.857108
2023,368724,743488,703065,94.563060
2023,368746,12499,11860,94.887591
2023,368749,107173,101746,94.936225
2023,368753,613039,582545,95.025765
2023,368822,586696,556885,94.918834
2023,368823,18328,17391,94.887604
2023,369927,4801,4593,95.667569
2023,369956,127816,121794,95.288540
2023,369978,186881,177854,95.169653
2023,369998,74670,71009,95.097094
2023,369999,21767,20601,94.643267
2023,370093,114617,108698,94.835845
2023,370097,98004,92889,94.780825
2023,370129,254114,241090,94.874741
2023,370144,602510,573405,95.169375
2023,370169,559471,531760,95.046928
2023,370172,118086,112021,94.863913
2023,370293,806698,767123,95.094199
2023,370300,332194,315270,94.905387
2023,370304,102875,97608,94.880194
2023,370307,314331,298739,95.039624
2023,370321,2572,2443,94.984448
2023,370340,324427,307594,94.811468
2023,370354,165930,157221,94.751401
2023,370436,16068,15228,94.772218
2023,370460,51369,48750,94.901594
2023,370472,15249,14491,95.029182
2023,370497,748991,710954,94.921568
2023,370522,149880,142136,94.833200
2023,370560,215054,203913,94.819441
2023,370579,38096,36146,94.881352
2023,370580,822600,779410,94.749575
2023,370749,944975,894444,94.652663
2023,370753,113871,107834,94.698387
2023,370790,4851,4595,94.722738
2024,379613,43978,41920,95.320387
2024,379618,146708,139874,95.341767
2024,379660,627139,598015,95.356053
2024,379661,120493,115137,95.554929
2024,379729,662385,632623,95.506843
2024,379765,784942,748882,95.406030
2024,379774,89342,85279,95.452307
2024,380001,343538,327511,95.334723
2024,380005,521555,496938,95.280076
2024,380007,52353,49951,95.411915
2024,380029,15885,15140,95.310041
2024,380030,205848,195985,95.208601
2024,380032,10164,9659,95.031484
2024,380033,29636,28230,95.255770
2024,380043,505127,481080,95.239415
2024,380049,491712,468197,95.217729
2024,380051,326603,311501,95.376038
2024,380052,4455,4236,95.084175
2024,380066,311426,296294,95.141061
2024,380126,560760,532451,94.951673
2024,380127,253836,242085,95.370633
2024,380128,150489,143559,95.395012
2024,380197,228269,217001,95.063719
2024,380235,141744,134142,94.636810
2024,380236,35416,33466,94.494014
2024,380238,15901,15079,94.830514
2024,380308,19567,18374,93.903000
2024,380346,335614,318816,94.994845
2024,380348,191962,182735,95.193320
2024,380349,309571,295415,95.427220
2024,380377,250272,238134,95.150077
2024,380384,452171,429774,95.046785
2024,380385,569073,543226,95.458052
2024,380399,292294,277899,95.075164
2024,380403,149326,142221,95.241954
2024,380444,198022,189020,95.454040
2024,380446,581871,556809,95.692860
2024,380447,306446,293968,95.928157
2024,380466,282114,269640,95.578383
2024,380470,762380,730753,95.851544
2024,380481,523912,500840,95.596207
2024,380513,683112,654006,95.739205
2024,380517,18367,17617,95.916590
2024,380531,600534,575096,95.764103
2024,380534,328885,316963,96.375025
2024,380537,21205,20459,96.481962
2024,380538,48483,46761,96.448240
2024,380623,224942,214327,95.281006
2024,380624,465009,443548,95.384821
2024,380625,3237,3088,95.396973
2024,380626,6482,6216,95.896328
2024,380627,320743,307471,95.862108
2024,380647,218731,208946,95.526469
2024,380649,235463,225465,95.753898
2024,380933,18168,17437,95.976442
2024,380945,139147,132728,95.386893
2024,380947,384211,367686,95.698978
2024,380963,529304,505266,95.458564
2024,381022,299328,285766,95.469184
2024,381053,48494,46304,95.483977
2024,381065,488369,465985,95.416580
2024,381067,177134,169357,95.609539
2024,381069,141471,135375,95.690990
2024,381070,173259,166228,95.941914
2024,381075,255862,243960,95.348274
2024,381078,201216,191775,95.308027
2024,381079,198806,190528,95.836142
2024,381080,142205,136322,95.863015
2024,381113,138265,131720,95.266336
2024,381114,291699,278283,95.400738
2024,381115,594426,569225,95.760448
2024,381147,105202,100311,95.350849
2024,381148,170904,162887,95.309062
2024,381150,25885,24632,95.159359
2024,381164,553188,527640,95.381679
2024,381190,681845,650162,95.353343
2024,381191,490853,469958,95.743125
2024,381199,77992,74201,95.139245
2024,381212,231483,220261,95.152128
2024,381286,442733,420580,94.996307
2024,381309,266018,252961,95.091686
2024,381364,231927,220503,95.074312
2024,381365,377035,359461,95.338894
2024,381371,111349,106128,95.311139
2024,381379,515992,492021,95.354385
2024,381380,600455,574729,95.715582
2024,381384,1499647,1433088,95.561689
2024,381417,1000762,954285,95.355839
2024,381443,871557,830299,95.266173
2024,381477,162839,155279,95.357378
2024,381479,282567,269599,95.410646
2024,381480,605775,579475,95.658454
2024,381484,513042,488869,95.288300
2024,381499,109615,104410,95.251562
2024,381500,57801,54981,95.121192
2024,381515,316436,301717,95.348506
2024,381516,832745,796420,95.637920
2024,381543,324760,309464,95.290060
2024,381544,922681,881348,95.520337
2024,382229,32842,31170,94.908958
2024,382250,319381,301562,94.420770
2024,382255,42595,40455,94.975936
2024,382256,41463,39140,94.397415
2024,382257,44103,41559,94.231685
2024,382258,715614,677374,94.656337
2024,382262,115122,109339,94.976633
2024,382298,22173,21059,94.975872
2024,382299,529718,502507,94.863116
2024,382300,564750,536758,95.043471
2024,382313,247485,234683,94.827161
2024,382314,199057,188790,94.842181
2024,382328,46140,43811,94.952319
2024,382329,100726,95521,94.832516
2024,382343,1383974,1313050,94.875337
2024,382344,188283,178661,94.889608
2024,382504,215129,203831,94.748267
2024,382568,252820,239865,94.875801
2024,382580,1019606,967972,94.935887
2024,382594,880474,834096,94.732610
2024,382595,376569,357631,94.970908
2024,382617,433412,410781,94.778409
2024,382626,227034,215365,94.860241
2024,382649,296733,280825,94.638952
2024,382650,158290,151228,95.538568
2024,382654,1044267,999569,95.719677
2024,382655,187717,179982,95.879436
2024,382656,117293,112524,95.934114
2024,382679,30121,28889,95.909830
2024,382684,756498,723785,95.675732
2024,382685,261112,250127,95.792993
2024,382686,64724,62133,95.996848
2024,382725,228422,218674,95.732460
2024,382729,22567,21588,95.661807
2024,382730,33009,31512,95.464873
2024,382750,342844,328237,95.739462
2024,382752,468286,448079,95.684902
2024,382769,932433,891496,95.609658
2024,382770,242137,232455,96.001437
2024,382791,45468,40145,88.292865
2024,382792,46332,43844,94.630061
2024,382794,7570,7152,94.478203
2024,382795,315522,299344,94.872624
2024,382799,384885,364665,94.746483
2024,382810,27395,25968,94.791020
2024,382811,265080,251285,94.795911
2024,382830,33612,32279,96.034154
2024,382834,489837,468791,95.703469
2024,382856,266720,255182,95.674115
2024,382878,554787,530607,95.641571
2024,382913,1243215,1190995,95.799600
2024,382921,775242,742303,95.751133
2024,382922,43932,42084,95.793499
2024,382924,130916,125502,95.864524
2024,382937,304833,289007,94.808305
2024,382960,363747,347872,95.635703
2024,383028,45792,43814,95.680468
2024,383034,426876,408308,95.650259
2024,383036,38023,36345,95.586882
2024,383134,11172,10715,95.909416
2024,383148,56253,54033,96.053544
2024,383153,97257,92701,95.315504
2024,383155,1071713,1027693,95.892557
2024,383162,978486,936543,95.713480
2024,383163,235624,225822,95.839982
2024,383173,598774,572306,95.579634
2024,383174,542785,520001,95.802390
2024,383175,59354,56983,96.005324
2024,383247,57874,55251,95.467740
2024,383254,792871,747117,94.229326
2024,383255,457947,431624,94.251955
2024,383275,97973,93702,95.640636
2024,383276,193880,185391,95.621518
2024,383277,452524,432316,95.534380
2024,383323,813432,774383,95.199476
2024,383326,254773,242927,95.350371
2024,383363,471231,449383,95.363633
2024,383365,31541,30080,95.367934
2024,383366,16456,15655,95.132474
2024,383367,115946,110574,95.366809
2024,383368,519693,496198,95.479062
2024,383377,169897,162087,95.403097
2024,383417,496835,474042,95.412360
2024,383418,541065,517086,95.568185
2024,383447,300772,283062,94.111819
2024,383448,306840,288316,93.962977
2024,383449,639867,602253,94.121591
2024,383467,100679,94749,94.109993
2024,383468,1189252,1117784,93.990508
2024,383485,35926,33728,93.881868
2024,383486,68106,63667,93.482219
2024,383487,1178146,1104562,93.754255
2024,383496,105977,99289,93.689197
2024,383512,1086667,1018533,93.730002
2024,383514,56231,52744,93.798794
2024,383536,90825,85133,93.733003
2024,383537,48566,45379,93.437796
2024,383541,199891,187435,93.768604
2024,383629,112186,107344,95.683953
2024,383630,192480,184384,95.793849
2024,383631,944877,905004,95.780086
2024,383647,55913,53503,95.689732
2024,383648,150976,144393,95.639704
2024,383649,225532,215736,95.656492
2024,383650,25302,24055,95.071536
2024,383661,51334,49179,95.802003
2024,383662,117626,112566,95.698230
2024,383669,411188,393270,95.642383
2024,383687,300082,287558,95.826474
2024,383692,547084,522914,95.582031
2024,383693,99821,95366,95.537011
2024,383694,13059,12441,95.267632
2024,383695,395026,378376,95.785088
2024,383712,978701,935694,95.605706
2024,383724,88931,85046,95.631445
2024,383740,425822,406812,95.535693
2024,383741,374702,358172,95.588494
2024,383756,870490,832247,95.606727
2024,383758,13236,12615,95.308250
2024,383767,990575,946582,95.558842
2024,383779,83212,79621,95.684517
2024,383811,16737,16022,95.728028
2024,383812,219228,209821,95.709034
2024,383813,67925,64923,95.580420
2024,383814,763468,730054,95.623392
2024,383830,68234,65201,95.555002
2024,383832,258444,247191,95.645865
2024,383833,113217,108316,95.671145
2024,383834,289666,276669,95.513108
2024,383854,672384,642656,95.578717
2024,383855,497746,476264,95.684144
2024,383900,11052,10611,96.009772
2024,383907,387179,369945,95.548829
2024,383908,9782,9318,95.256594
2024,383948,558195,534009,95.667106
2024,383949,538037,515133,95.743044
2024,383996,1097361,1047968,95.498929
2024,384014,232944,222574,95.548286
2024,384029,276407,264246,95.600329
2024,384052,951367,908678,95.512878
2024,384069,697051,664859,95.381687
2024,384070,350774,335722,95.708918
2024,384124,30160,28853,95.666446
2024,384126,9167,8708,94.992909
2024,384127,9119,8677,95.152977
2024,384128,854709,815273,95.386032
2024,384187,192987,184317,95.507469
2024,384188,164553,157223,95.545508
2024,384202,899463,859522,95.559462
2024,384203,2392,2288,95.652174
2024,384204,95128,90861,95.514465
2024,384209,492214,470386,95.565344
2024,384238,199297,190143,95.406855
2024,384239,733164,700061,95.484912
2024,384244,60162,57600,95.741498
2024,384264,449153,429292,95.578121
2024,384265,258516,246865,95.493122
2024,384290,33106,31698,95.746995
2024,384291,841984,804682,95.569750
2024,384318,5661,5424,95.813461
2024,384322,270344,258477,95.610407
2024,384323,269523,257720,95.620782
2024,384331,257625,246029,95.498884
2024,384332,307948,294505,95.634653
2024,384377,229752,219570,95.568265
2024,384378,105832,101152,95.577897
2024,384380,17320,16573,95.687067
2024,384382,100513,96040,95.549829
2024,384383,372624,356490,95.670166
2024,384406,248802,237806,95.580421
2024,384413,983800,938790,95.424883
2024,384446,77324,73992,95.690859
2024,384464,73963,70517,95.340914
2024,384468,809670,773499,95.532624
2024,384485,43196,41291,95.589869
2024,384486,21008,20044,95.411272
2024,384487,19144,18284,95.507731
2024,384489,17598,16751,95.186953
2024,384490,19573,18703,95.555101
2024,384491,19685,18720,95.097790
2024,384492,804868,768448,95.475034
2024,384565,876178,836866,95.513240
2024,384579,330662,316082,95.590664
2024,384591,81376,77728,95.517106
2024,384593,87448,83388,95.357241
2024,384610,210760,201604,95.655722
2024,384614,760096,725462,95.443470
2024,384638,318679,304444,95.533123
2024,384644,623209,595243,95.512581
2024,384933,231094,220440,95.389755
2024,384934,1146,1098,95.811518
2024,384935,756179,723018,95.614663
2024,384950,100249,95775,95.537113
2024,384951,623601,595803,95.542342
2024,384963,1221615,1165861,95.436042
2024,384981,993439,950085,95.635968
2024,385012,106396,101625,95.515809
2024,385016,323497,308770,95.447562
2024,385094,555887,530423,95.419213
2024,385100,2259,2167,95.927402
2024,385127,1215861,1161452,95.525064
2024,385134,187027,178758,95.578713
2024,385142,1157992,1106437,95.547897
2024,385152,733159,699654,95.430050
2024,385153,458642,438518,95.612264
2024,385168,1071948,1023973,95.524503
2024,385178,310499,296874,95.611902
2024,385194,721007,688598,95.505037
2024,385260,334458,319512,95.531277
2024,385281,877153,835297,95.228199
2024,385284,73341,69901,95.309581
2024,385285,136711,130507,95.461960
2024,385286,504906,481696,95.403105
2024,385311,47510,45184,95.104189
2024,385312,222476,211310,94.981032
2024,385324,1087196,1031569,94.883443
2024,385354,500605,475802,95.045395
2024,385355,407429,387188,95.032018
2024,385383,210322,199721,94.959633
2024,385386,6090,5805,95.320197
2024,385387,233633,221741,94.909966
2024,385390,676388,642943,95.055353
2024,385391,127342,121259,95.223100
2024,385408,126409,120005,94.933905
2024,385415,160204,152027,94.895883
2024,385422,649519,617205,95.024934
2024,385423,240578,228491,94.975850
2024,385424,306586,292083,95.269517
2024,385437,344451,327085,94.958354
2024,385443,701727,666582,94.991642
2024,385444,56138,53425,95.167266
2024,385447,44646,42488,95.166420
2024,385474,446436,423365,94.832182
2024,385478,390027,370343,94.953170
2024,385481,64533,61365,95.090884
2024,385483,13301,12685,95.368769
2024,385484,11465,10887,94.958570
2024,385511,53846,51142,94.978271
2024,385512,13704,12963,94.592820
2024,385513,11991,11338,94.554249
2024,385514,14853,14126,95.105366
2024,385515,525342,499158,95.015818
2024,385567,151210,143970,95.211957
2024,385568,161603,153515,94.995142
2024,385589,122762,116393,94.811912
2024,385591,6992,6569,93.950229
2024,385592,7962,7517,94.410952
2024,385604,681293,647364,95.019911
2024,385606,297971,283375,95.101537
2024,385618,78073,74170,95.000833
2024,385619,46759,44455,95.072606
2024,385620,1028622,975470,94.832699
2024,385697,8460,8048,95.130024
2024,385712,291398,277247,95.143755
2024,385713,391090,371916,95.097292
2024,385727,319126,303941,95.241691
2024,385728,695078,661399,95.154645
2024,385738,972589,925134,95.120755
2024,385739,108340,103077,95.142145
2024,385754,37688,35786,94.953301
2024,385764,1126435,1071680,95.139089
2024,385799,2487,2386,95.938882
2024,385801,60965,57913,94.993849
2024,385836,74826,71134,95.065886
2024,385842,1123937,1070795,95.271799
2024,385863,4514,4299,95.237040
2024,385882,55082,52447,95.216223
2024,385888,108364,103130,95.169983
2024,385889,954259,906750,95.021373
2024,385908,532588,507295,95.250926
2024,385915,388016,369221,95.156128
2024,385933,96268,91628,95.180122
2024,385934,769176,731796,95.140254
2024,385986,1183781,1125525,95.078819
2024,386010,576458,548270,95.110138
2024,386025,1127558,1072926,95.154839
2024,386279,123639,117060,94.678863
2024,386308,83052,78113,94.053123
2024,386313,45082,42438,94.135132
2024,386319,443873,417498,94.057985
2024,386478,123396,116174,94.147298
2024,386505,83255,78396,94.163714
2024,386509,326027,307202,94.225938
2024,386553,278907,262247,94.026683
2024,386554,302722,284988,94.141820
2024,386592,128177,120643,94.122190
2024,386593,219347,206447,94.118907
2024,386594,248629,234325,94.246850
2024,386605,33043,30879,93.450958
2024,386614,240316,226161,94.109839
2024,386615,11571,10830,93.596059
2024,386616,41222,38781,94.078405
2024,386617,4289,4016,93.634880
2024,386618,275000,259136,94.231273
2024,386629,13881,13087,94.279951
2024,386630,8475,8008,94.489676
2024,386640,375892,354111,94.205516
2024,386642,199941,188496,94.275811
2024,386661,132878,125182,94.208221
2024,386668,107263,101013,94.173200
2024,386679,109678,102312,93.283977
2024,386693,35477,33180,93.525383
2024,386694,849735,792054,93.211884
2024,386702,130398,121859,93.451587
2024,386703,318155,297401,93.476764
2024,386704,588787,550535,93.503253
2024,386705,57772,54061,93.576473
2024,386764,56824,52881,93.061031
2024,386795,46754,43531,93.106472
2024,386801,39220,36534,93.151453
2024,386814,163404,152138,93.105432
2024,386851,241856,225412,93.200913
2024,386852,320469,298990,93.297636
2024,386853,27954,26071,93.263934
2024,386854,338375,315329,93.189213
2024,386863,298793,278204,93.109276
2024,386864,896470,835764,93.228329
2024,386872,99140,92388,93.189429
2024,386873,217333,202641,93.239867
2024,386885,870049,811191,93.235094
2024,386917,352244,327994,93.115568
2024,386924,1090905,1017630,93.283100
2024,386925,83167,77722,93.452932
2024,386945,518576,484335,93.397111
2024,386951,423876,395860,93.390520
2025,391699,2028,1832,90.335306
2025,391874,7020,6634,94.501425
2025,391884,3746,3566,95.194875
2025,391906,1112,1066,95.863309
2025,391909,5903,5591,94.714552
2025,391910,14117,13371,94.715591
2025,391912,5311,5017,94.464319
2025,392046,17468,16518,94.561484
2025,392052,31039,29329,94.490802
2025,392067,11829,11143,94.200693
2025,392071,71470,67568,94.540367
2025,392109,55441,52415,94.541945
2025,392112,117558,111225,94.612872
2025,392294,4389,4164,94.873548
2025,392359,17480,16450,94.107551
2025,392362,1538,1459,94.863459
2025,392432,36850,34717,94.211669
2025,392476,61907,58050,93.769687
2025,392517,14539,13706,94.270583
2025,392540,7690,7282,94.694408
2025,392541,2028,1924,94.871795
2025,392635,11730,11031,94.040921
2025,393086,9276,8754,94.372574
2025,393128,2878,2704,93.954135
2025,393274,17608,16523,93.838028
2025,393275,43036,40485,94.072404
2025,393346,624393,595418,95.359493
2025,393347,174728,166487,95.283526
2025,393376,749839,714861,95.335265
2025,393377,193055,184310,95.470203
2025,393378,355710,339621,95.476933
2025,393445,258016,246679,95.606086
2025,393447,22699,21665,95.444733
2025,393448,989262,945679,95.594393
2025,393461,1492139,1429362,95.792818
2025,394637,18196,17435,95.817762
2025,394663,2396,2297,95.868114
2025,394673,140225,134377,95.829560
2025,394677,481468,461089,95.767320
2025,394678,10555,10119,95.869256
2025,394702,133568,127703,95.608978
2025,394725,4513,4314,95.590516
2025,394726,7186,6864,95.519065
2025,394727,335377,321206,95.774606
2025,394753,622532,595649,95.681668
2025,394754,725313,694478,95.748732
2025,394776,826152,790505,95.685177
2025,394789,1209857,1156364,95.578568
2025,394819,4211,4031,95.725481
2025,394820,391203,373585,95.496456
2025,394860,348010,332164,95.446683
2025,394861,587730,561656,95.563609
2025,394862,165126,157945,95.651200
2025,394886,927666,886409,95.552602
2025,394959,1182458,1132847,95.804418
2025,394986,186364,178459,95.758301
2025,394987,1046944,999631,95.480847
2025,394991,188223,180280,95.780006
2025,394992,140154,134035,95.634088
2025,394993,393051,376318,95.742792
2025,394995,311584,298898,95.928546
2025,395012,224418,214571,95.612206
2025,395014,58451,55930,95.686986
2025,395031,265382,254200,95.786451
2025,395032,186916,178935,95.730168
2025,395040,66790,63843,95.587663
2025,395041,56949,54412,95.545137
2025,395042,46358,44347,95.662022
2025,395098,171272,164113,95.820099
2025,395106,303564,291001,95.861499
2025,395108,191456,183453,95.819927
2025,395147,7917,7597,95.958065
2025,395148,596187,571075,95.787899
2025,395149,596633,572040,95.878036
2025,395172,354022,339595,95.924830
2025,395186,668501,641030,95.890657
2025,395189,54720,52549,96.032529
2025,395237,358621,343245,95.712465
2025,395239,6028,5784,95.952223
2025,395342,65364,62774,96.037574
2025,395345,1217395,1164878,95.686117
2025,395358,267388,255212,95.446318
2025,395366,121448,115965,95.485311
2025,395368,164175,156803,95.509670
2025,395369,287946,274922,95.476930
2025,395371,249470,238182,95.475207
2025,395373,266292,255063,95.783200
2025,395392,1191872,1138564,95.527372
2025,395424,17551,16784,95.629879
2025,395425,2225,2138,96.089888
2025,395426,4210,4023,95.558195
2025,395431,56162,53619,95.472027
2025,395444,579465,553394,95.500850
2025,395445,730202,697702,95.549177
2025,395465,114218,109124,95.540108
2025,395497,268602,256644,95.548060
2025,395505,362957,346678,95.514896
2025,395507,406388,388169,95.516846
2025,395517,448555,428520,95.533435
2025,395521,28472,27187,95.486794
2025,395523,15038,14387,95.670967
2025,395524,294972,282097,95.635179
2025,395525,111708,106782,95.590289
2025,395549,97619,93409,95.687315
2025,395550,38340,36778,95.925926
2025,395551,37501,35803,95.472121
2025,395552,43212,41358,95.709525
2025,395601,4723,4503,95.341944
2025,395602,15819,15120,95.581263
2025,395603,19238,18371,95.493295
2025,395606,292800,279787,95.555669
2025,395607,148872,142359,95.625101
2025,395608,277843,265482,95.551085
2025,395616,95926,91817,95.716490
2025,395622,46765,44619,95.411098
2025,395648,152925,145894,95.402321
2025,395649,698683,667997,95.608023
2025,395650,343688,328926,95.704825
2025,395670,428483,409197,95.499005
2025,395773,378517,361970,95.628466
2025,395801,11927,11332,95.011319
2025,395802,3881,3716,95.748518
2025,395876,76551,73113,95.508876
2025,395893,918838,878110,95.567445
2025,395894,32462,31050,95.650299
2025,395897,21902,20896,95.406812
2025,395899,52843,50508,95.581250
2025,395900,169528,162098,95.617243
2025,395922,88102,84166,95.532451
2025,395924,1346783,1287688,95.612136
2025,395926,46047,44181,95.947619
2025,395939,1214891,1162025,95.648499
2025,395947,102657,98116,95.576532
2025,395948,312758,298759,95.524015
2025,395982,122886,117466,95.589408
2025,395984,511412,488139,95.449266
2025,395986,17647,16867,95.579985
2025,395987,493169,471956,95.698635
2025,396008,354166,338724,95.639898
2025,396009,892509,853603,95.640828
2025,396019,2258,2162,95.748450
2025,396021,84337,80663,95.643668
2025,396057,71059,68031,95.738752
2025,396058,55941,53414,95.482741
2025,396096,346083,330468,95.488077
2025,396102,449177,428940,95.494649
2025,396127,1235982,1181334,95.578576
2025,396134,994033,947940,95.363031
2025,396135,299400,286112,95.561790
2025,396148,72800,69419,95.355769
2025,396151,6588,6280,95.324833
2025,396152,62393,59523,95.400125
2025,396154,77091,73526,95.375595
2025,396157,84102,80198,95.358018
2025,396158,724911,692209,95.488826
2025,396177,99840,95298,95.450721
2025,396178,7008,6676,95.262557
2025,396180,646772,617040,95.403017
2025,396216,186603,178160,95.475421
2025,396222,200545,191758,95.618440
2025,396225,233342,222722,95.448740
2025,396226,2163,2056,95.053167
2025,396227,595639,569798,95.661634
2025,396228,78838,75447,95.698775
2025,396243,524767,501411,95.549263
2025,396258,502526,479940,95.505506
2025,396282,65076,62233,95.631262
2025,396283,1188499,1135807,95.566509
2025,396309,175241,167454,95.556405
2025,396319,92574,88353,95.440404
2025,396320,40469,38670,95.554622
2025,396335,707412,675926,95.549128
2025,396336,53793,51433,95.612812
2025,396337,173904,166436,95.705677
2025,396356,606685,579342,95.493048
2025,396372,1171714,1119103,95.509911
2025,396394,1022,978,95.694716
2025,396397,221869,211790,95.457229
2025,396398,640688,612298,95.568826
2025,396404,149523,142610,95.376631
2025,396405,851472,813003,95.482059
2025,396421,102682,98138,95.574687
2025,396422,220715,210451,95.349659
2025,396757,20929,20089,95.986430
2025,396758,5260,5047,95.950570
2025,396761,34084,32835,96.335524
2025,396762,17315,16653,96.176725
2025,396763,66207,63669,96.166568
2025,396773,140360,134966,96.157025
2025,396805,1025970,985770,96.081757
2025,396819,227796,219240,96.244008
2025,396826,22359,21538,96.328101
2025,396842,25626,24620,96.074300
2025,396843,195452,187415,95.887993
2025,396844,278714,267425,95.949611
2025,396848,6602,6319,95.713420
2025,396849,30656,29457,96.088857
2025,396850,152957,146727,95.926960
2025,396870,638949,611556,95.712803
2025,396871,439015,420505,95.783743
2025,396872,75555,72511,95.971147
2025,396891,387330,370765,95.723285
2025,396892,824041,789220,95.774361
2025,396893,27174,25989,95.639214
2025,396952,196659,188535,95.868992
2025,396960,58003,55637,95.920901
2025,396963,433338,414864,95.736815
2025,396964,325097,311642,95.861235
2025,396965,127957,122666,95.865017
2025,396988,1056494,1013054,95.888287
2025,396999,233573,223825,95.826572
2025,397021,144704,138521,95.727140
2025,397031,35256,33751,95.731223
2025,397032,49912,47840,95.848694
2025,397033,1117254,1071137,95.872290
2025,397049,52283,50145,95.910717
2025,397050,425180,407984,95.955595
2025,397051,24002,22998,95.817015
2025,397052,1247,1207,96.792302
2025,397097,252854,242237,95.801134
2025,397098,411598,394351,95.809746
2025,397186,250829,240295,95.800326
2025,397187,1110,1072,96.576577
2025,397189,47416,45514,95.988696
2025,397190,48110,46178,95.984203
2025,397191,2965,2856,96.323777
2025,397192,124600,119392,95.820225
2025,397207,21688,20776,95.794910
2025,397208,31749,30408,95.776245
2025,397209,721398,691712,95.884935
2025,397226,1082632,1038806,95.951902
2025,397227,153947,148002,96.138281
2025,397243,60088,57615,95.884370
2025,397246,272100,260839,95.861448
2025,397249,109463,104987,95.910947
2025,397253,630645,604342,95.829191
2025,397254,25014,23946,95.730391
2025,397255,131799,126181,95.737449
2025,397258,211660,203053,95.933573
2025,397261,22654,21780,96.141962
2025,397262,44991,43127,95.856949
2025,397292,752125,720141,95.747515
2025,397293,316438,303013,95.757463
2025,397294,40571,39016,96.167213
2025,397332,967224,927282,95.870450
2025,397346,24974,23881,95.623448
2025,397347,145220,139437,96.017766
2025,397348,107966,103494,95.857955
2025,397368,48690,46690,95.892380
2025,397370,30599,29346,95.905095
2025,397371,38614,36903,95.568965
2025,397373,58970,56473,95.765644
2025,397377,977623,937456,95.891361
2025,397383,544353,521894,95.874185
2025,397384,307047,294094,95.781428
2025,397411,4131,3951,95.642702
2025,397413,5155,4911,95.266731
2025,397414,1099255,1054513,95.929789
2025,397432,473828,454243,95.866644
2025,397448,48765,46594,95.548037
2025,397449,172593,165341,95.798207
2025,397450,6608,6321,95.656780
2025,397452,176866,169555,95.866362
2025,397453,32984,31591,95.776740
2025,397456,323054,310000,95.959189
2025,397457,121595,116551,95.851803
2025,397489,145399,139256,95.775074
2025,397490,105358,100979,95.843695
2025,397491,361546,346401,95.811045
2025,397492,614421,589523,95.947730
2025,397501,53932,51818,96.080249
2025,397502,383592,367786,95.879476
2025,397503,110004,105354,95.772881
2025,397527,114560,109459,95.547311
2025,397528,5974,5691,95.262805
2025,397529,478326,458224,95.797427
2025,397530,317535,304400,95.863448
2025,397531,24393,23354,95.740581
2025,397532,184622,177375,96.074682
2025,397548,99703,95540,95.824599
2025,397568,456921,437701,95.793584
2025,397569,135313,129825,95.944218
2025,397574,1283,1246,97.116134
2025,397580,75737,72694,95.982149
2025,397594,146274,140275,95.898793
2025,397595,416462,399430,95.910311
2025,397596,392359,376801,96.034754
2025,397619,309616,297138,95.969847
2025,397620,197091,188907,95.847603
2025,397621,554667,532545,96.011661
2025,397622,104518,100447,96.104977
2025,397638,1182375,1134749,95.972005
2025,397700,22532,21671,96.178768
2025,397702,173579,166895,96.149304
2025,397703,11909,11454,96.179360
2025,397704,937232,900965,96.130414
2025,397709,686278,659424,96.087008
2025,397710,41309,39597,95.855625
2025,397712,407933,392470,96.209427
2025,397727,10783,10346,95.947324
2025,397728,271047,260578,96.137570
2025,397729,618011,594096,96.130328
2025,397763,298549,286501,95.964482
2025,397764,70852,68037,96.026929
2025,397768,676178,650124,96.146873
2025,397776,21164,20401,96.394821
2025,397777,182376,175251,96.093236
2025,397778,7167,6863,95.758337
2025,397779,610248,585475,95.940503
2025,397780,369036,354173,95.972480
2025,397791,108865,104398,95.896753
2025,397792,10491,10025,95.558097
2025,397793,322371,309429,95.985371
2025,397794,676255,647833,95.797148
2025,397796,35702,34334,96.168282
2025,397813,183362,176055,96.014987
2025,397815,22609,21614,95.599098
2025,397816,50351,48306,95.938512
2025,397817,613636,588246,95.862368
2025,398011,52112,50000,95.947191
2025,398013,2589,2456,94.862881
2025,398014,1956,1874,95.807771
2025,398022,9586,9202,95.994158
2025,398023,198363,190161,95.865156
2025,398027,1343065,1287058,95.829911
2025,398039,25141,24144,96.034366
2025,398040,299784,286983,95.729926
2025,398074,11175,10669,95.472036
2025,398075,4490,4273,95.167038
2025,398076,3557,3406,95.754850
2025,398079,1322,1273,96.293495
2025,398080,2321,2251,96.984059
2025,398081,631059,604882,95.851893
2025,398082,22759,21833,95.931280
2025,398084,48469,46446,95.826198
2025,398086,186160,178572,95.923936
2025,398088,232600,223243,95.977214
2025,398104,1275221,1223234,95.923295
2025,398121,97959,93881,95.837034
2025,398122,56990,54612,95.827338
2025,398123,31507,30182,95.794585
2025,398124,41408,39658,95.773764
2025,398139,32503,31167,95.889610
2025,398140,57347,54878,95.694631
2025,398143,74830,71565,95.636777
2025,398144,118110,113050,95.715858
2025,398178,37462,35926,95.899845
2025,398183,661768,633576,95.739897
2025,398185,125624,120618,96.015093
2025,398188,380852,364238,95.637676
2025,398189,295033,282406,95.720140
2025,398191,42690,40873,95.743734
2025,398203,122911,117795,95.837639
2025,398204,171136,163811,95.719778
2025,398208,281039,269305,95.824779
2025,398227,805332,771237,95.766342
2025,398240,771772,739442,95.810939
2025,398288,505860,483968,95.672320
2025,398289,267218,256142,95.855070
2025,398293,1005788,963230,95.768691
2025,398308,422877,404619,95.682432
2025,398310,603762,578557,95.825342
2025,398315,396749,380010,95.780960
2025,398335,671114,642422,95.724720
2025,398337,298530,286075,95.827890
2025,398347,14123,13510,95.659562
2025,398348,927433,888189,95.768535
2025,398365,292810,280311,95.731362
2025,398366,9424,9029,95.808574
2025,398367,29135,27964,95.980779
2025,398368,690564,661150,95.740583
2025,398390,16859,16168,95.901299
2025,398391,1038993,996372,95.897855
2025,398395,471394,451370,95.752173
2025,398396,642115,615774,95.897775
2025,398416,30560,29310,95.909686
2025,398419,588392,563663,95.797190
2025,398421,41302,39634,95.961455
2025,398427,95995,92036,95.875827
2025,398458,149233,142980,95.809908
2025,398459,809660,775187,95.742287
2025,398460,66716,64104,96.084897
2025,398465,11125,10663,95.847191
2025,398515,880633,843517,95.785304
2025,398517,210773,202478,96.064486
2025,398538,83602,80230,95.966604
2025,398539,292454,280097,95.774720
2025,398540,508177,486692,95.772142
2025,398541,187420,179631,95.844093
2025,398547,303976,290873,95.689462
2025,398548,315686,301955,95.650425
2025,398549,406836,389994,95.860248
2025,398558,1129725,1082328,95.804554
2025,398593,379236,363388,95.821072
2025,398594,119459,114559,95.898174
2025,398595,87234,83567,95.796364
2025,398600,1165456,1116687,95.815458
2025,398647,542611,519795,95.795146
2025,398648,5647,5434,96.228086
2025,398650,191892,184274,96.030059
2025,398675,111529,106848,95.802885
2025,398680,485539,464713,95.710746
2025,398681,107736,103007,95.610567
2025,398797,31689,30367,95.828205
2025,398801,83239,79230,95.183748
2025,398802,557291,532727,95.592249
2025,398803,49271,47417,96.237137
2025,398827,773369,739909,95.673475
2025,398828,397331,380862,95.855093
2025,398858,49144,47088,95.816376
2025,398859,137031,131291,95.811167
2025,398860,570363,545830,95.698704
2026,401642,2023,1917,94.760257
2026,401663,2071,1948,94.060840
2026,401669,7378,6996,94.822445
2026,401670,4467,4243,94.985449
2026,401671,16212,15260,94.127807
2026,401691,3569,3369,94.396189
2026,401693,115215,108751,94.389619
2026,401699,142349,134449,94.450260
2026,401730,5484,5151,93.927790
2026,401733,230456,217267,94.276999
2026,401803,303780,286323,94.253407
2026,401844,151158,142704,94.407177
2026,401848,411508,388455,94.397922
2026,401878,97532,92007,94.335193
2026,401882,372400,351266,94.324919
2026,401899,6876,6494,94.444444
2026,401916,52737,49769,94.372073
2026,401917,4041,3843,95.100223
2026,401918,74161,69903,94.258438
2026,401919,574422,541297,94.233334
2026,401951,12014,11302,94.073581
2026,401952,102277,96357,94.211797
2026,401961,113665,107144,94.262966
2026,401971,51869,48925,94.324163
2026,401972,13848,12997,93.854708
2026,401973,318132,299635,94.185747
2026,401976,63337,59809,94.429796
2026,402039,43076,40737,94.570062
2026,402040,248005,234690,94.631157
2026,402046,874599,828096,94.682935
2026,402069,1146713,1084837,94.604055
2026,402070,78904,74787,94.782267
2026,402115,224618,212327,94.528043
2026,402143,529067,499344,94.381997
2026,402144,587945,555437,94.470911
2026,402171,324160,306368,94.511352
2026,402172,16882,15985,94.686649
2026,402173,434660,410671,94.480974
2026,402174,502935,476062,94.656765
2026,402189,17223,16277,94.507345
2026,402205,805433,760882,94.468690
2026,402206,197534,186554,94.441463
2026,402207,236354,223759,94.671129
2026,402221,971070,916113,94.340573
2026,402222,329865,311674,94.485320
2026,402243,175143,165329,94.396579
2026,402244,1141356,1071983,93.921879
2026,402247,1090343,1028366,94.315825
2026,402248,5733,5363,93.546136
2026,402249,8630,8147,94.403244
2026,402262,386893,365372,94.437480
2026,402263,328939,310431,94.373425
2026,402330,887202,849629,95.765001
2026,402360,474370,454500,95.811287
2026,402368,46316,44338,95.729338
2026,402370,1048,999,95.324427
2026,402371,107057,102474,95.719103
2026,402372,844203,808827,95.809539
2026,402400,9433,9037,95.801972
2026,402419,278013,266427,95.832569
2026,402424,430723,411723,95.588812
2026,402435,666512,636503,95.497605
2026,402446,248268,237029,95.473037
2026,402457,1432,1369,95.600559
2026,402471,301758,288287,95.535827
2026,402472,201160,191987,95.439948
2026,402490,343661,328093,95.469954
2026,402512,999750,921580,92.181045
2026,402513,331218,314076,94.824557
2026,402805,27447,26199,95.453055
2026,402815,137121,131403,95.829960
2026,402822,82806,79369,95.849335
2026,403441,58450,55883,95.608212
2026,403442,23617,22591,95.655672
2026,403443,11351,10838,95.480574
2026,403449,55401,53053,95.761809
2026,403451,114263,109031,95.421090
2026,403457,190944,182578,95.618611
2026,403461,1250457,1197176,95.739078
2026,403489,324423,310883,95.826436
2026,403493,1267948,1213628,95.715913
