run_number,run_era
#355865,Run2022C
355872,Run2022C
#355892,Run2022C
356005,Run2022C
356075,Run2022C
356076,Run2022C
356077,Run2022C
356309,Run2022C
356316,Run2022C
356323,Run2022C
#356375,Run2022C
356378,Run2022C
356381,Run2022C
356386,Run2022C
356428,Run2022C
356433,Run2022C
356446,Run2022C
356466,Run2022C
356467,Run2022C
356473,Run2022C
356478,Run2022C
356481,Run2022C
356488,Run2022C
356489,Run2022C
356523,Run2022C
356563,Run2022C
356569,Run2022C
356576,Run2022C
356578,Run2022C
356615,Run2022C
356619,Run2022C
356709,Run2022C
356719,Run2022C
356722,Run2022C
356788,Run2022C
356789,Run2022C
356810,Run2022C
356814,Run2022C
356815,Run2022C
356919,Run2022C
356937,Run2022C
356943,Run2022C
356945,Run2022C
356946,Run2022C
356947,Run2022C
356951,Run2022C
356954,Run2022C
356955,Run2022C
356956,Run2022C
356968,Run2022C
356969,Run2022C
356970,Run2022C
356997,Run2022C
357001,Run2022C
357078,Run2022C
357080,Run2022C
357081,Run2022C
357101,Run2022C
357102,Run2022C
357112,Run2022C
357268,Run2022C
357271,Run2022C
357329,Run2022C
357330,Run2022C
357332,Run2022C
357333,Run2022C
357401,Run2022C
357406,Run2022C
357438,Run2022C
357440,Run2022C
357442,Run2022C
357479,Run2022C
357482,Run2022C
357542,Run2022D
357610,Run2022D
357611,Run2022D
357612,Run2022D
357613,Run2022D
357688,Run2022D
357696,Run2022D
357700,Run2022D
357701,Run2022D
357705,Run2022D
357706,Run2022D
357732,Run2022D
357734,Run2022D
357735,Run2022D
#357754,Run2022D
357756,Run2022D
357766,Run2022D
357771,Run2022D
357776,Run2022D
357778,Run2022D
#359268,Run2022E
#359270,Run2022E
359291,Run2022E
359297,Run2022E
359343,Run2022E
359571,Run2022E
359595,Run2022E
359661,Run2022E
359685,Run2022E
359686,Run2022E
359691,Run2022E
359693,Run2022E
359694,Run2022E
359699,Run2022E
359717,Run2022E
359718,Run2022E
359750,Run2022E
359751,Run2022E
359762,Run2022E
359763,Run2022E
359764,Run2022E
359806,Run2022E
359810,Run2022E
359812,Run2022E
359814,Run2022E
359871,Run2022E
359899,Run2022E
359998,Run2022E
360019,Run2022E
360075,Run2022E
360088,Run2022E
360090,Run2022E
360116,Run2022E
360125,Run2022E
360126,Run2022E
360127,Run2022E
360128,Run2022E
360131,Run2022E
360141,Run2022E
#360224,Run2022E
#360225,Run2022E
360295,Run2022E
360327,Run2022E
360393,Run2022F
360413,Run2022F
360428,Run2022F
360441,Run2022F
360458,Run2022F
360459,Run2022F
360460,Run2022F
360486,Run2022F
360490,Run2022F
360491,Run2022F
360761,Run2022F
360794,Run2022F
360795,Run2022F
360796,Run2022F
360820,Run2022F
360825,Run2022F
360826,Run2022F
360876,Run2022F
360919,Run2022F
360921,Run2022F
360927,Run2022F
360942,Run2022F
360946,Run2022F
360948,Run2022F
360950,Run2022F
360951,Run2022F
360991,Run2022F
361020,Run2022F
361044,Run2022F
361045,Run2022F
361054,Run2022F
361059,Run2022F
361091,Run2022F
361105,Run2022F
361107,Run2022F
361110,Run2022F
361188,Run2022F
361197,Run2022F
361239,Run2022F
361240,Run2022F
361272,Run2022F
361280,Run2022F
361297,Run2022F
361400,Run2022F
361417,Run2022F
361443,Run2022F
361468,Run2022F
361475,Run2022F
361512,Run2022F
361569,Run2022F
361573,Run2022F
361579,Run2022F
361580,Run2022F
361948,Run2022F
361954,Run2022F
361956,Run2022F
361957,Run2022F
361971,Run2022F
361989,Run2022F
361990,Run2022F
361994,Run2022F
362058,Run2022F
362061,Run2022F
362062,Run2022F
362064,Run2022F
362085,Run2022F
362087,Run2022F
362091,Run2022F
362104,Run2022F
362105,Run2022F
362107,Run2022F
362148,Run2022F
362153,Run2022F
362154,Run2022F
362161,Run2022F
362166,Run2022F
362167,Run2022F
362439,Run2022G
362597,Run2022G
362614,Run2022G
362615,Run2022G
362616,Run2022G
362617,Run2022G
362618,Run2022G
362653,Run2022G
362655,Run2022G
362657,Run2022G
362695,Run2022G
#362696,Run2022G
#366442,Run2023B
#366449,Run2023B
#366450,Run2023B
#366451,Run2023B
#366469,Run2023B
#366471,Run2023B
#366494,Run2023B
#366495,Run2023B
#366497,Run2023B
#366498,Run2023B
#366499,Run2023B
#366504,Run2023B
#366533,Run2023B
#366727,Run2023B
#366729,Run2023B
#366801,Run2023B
#366804,Run2023B
#366820,Run2023B
#366821,Run2023B
#366829,Run2023B
#366832,Run2023B
#366833,Run2023B
#366838,Run2023B
#366840,Run2023B
#366841,Run2023B
#366850,Run2023B
#366873,Run2023B
#366874,Run2023B
#366876,Run2023B
#366891,Run2023B
#366895,Run2023B
#366933,Run2023B
#367064,Run2023B
#367065,Run2023B
#367070,Run2023B
#367079,Run2023B
#367100,Run2023C
#367104,Run2023C
#367111,Run2023C
#367112,Run2023C
#367127,Run2023C
#367130,Run2023C
#367131,Run2023C
#367134,Run2023C
#367228,Run2023C
#367232,Run2023C
#367234,Run2023C
#367260,Run2023C
#367262,Run2023C
#367264,Run2023C
#367267,Run2023C
#367270,Run2023C
#367271,Run2023C
#367312,Run2023C
#367315,Run2023C
#367334,Run2023C
#367336,Run2023C
#367337,Run2023C
#367406,Run2023C
#367413,Run2023C
#367415,Run2023C
#367475,Run2023C
367515,Run2023C
367516,Run2023C
367553,Run2023C
367554,Run2023C
#367615,Run2023C
367666,Run2023C
367691,Run2023C
#367696,Run2023C
#367699,Run2023C
367730,Run2023C
367742,Run2023C
367758,Run2023C
367770,Run2023C
367790,Run2023C
367831,Run2023C
367836,Run2023C
367838,Run2023C
367840,Run2023C
367902,Run2023C
367904,Run2023C
367906,Run2023C
#367907,Run2023C
368318,Run2023C
368320,Run2023C
368321,Run2023C
#368336,Run2023C
#368343,Run2023C
368382,Run2023C
368389,Run2023C
368400,Run2023C
368410,Run2023C
#368412,Run2023C
#368423,Run2023C
#368440,Run2023C
#368451,Run2023C
#368454,Run2023C
368489,Run2023C
#368546,Run2023C
368547,Run2023C
#368548,Run2023C
#368566,Run2023C
368609,Run2023C
368611,Run2023C
368613,Run2023C
368636,Run2023C
368669,Run2023C
368670,Run2023C
368672,Run2023C
368676,Run2023C
368678,Run2023C
368684,Run2023C
368685,Run2023C
368723,Run2023C
368724,Run2023C
368749,Run2023C
368753,Run2023C
#368762,Run2023C
#368765,Run2023C
368822,Run2023C
369869,Run2023D
369870,Run2023D
369873,Run2023D
369927,Run2023D
#369943,Run2023D
369956,Run2023D
369978,Run2023D
369998,Run2023D
#370102,Run2023D
370129,Run2023D
370144,Run2023D
370169,Run2023D
#370175,Run2023D
370293,Run2023D
#370294,Run2023D
370300,Run2023D
370304,Run2023D
370307,Run2023D
#370332,Run2023D
370340,Run2023D
370354,Run2023D
#370357,Run2023D
#370406,Run2023D
370460,Run2023D
370497,Run2023D
370522,Run2023D
370560,Run2023D
370579,Run2023D
370580,Run2023D
370749,Run2023D
#370772,Run2023D
#370774,Run2023D
#370775,Run2023D
#370776,Run2023D
379613,Run2024C
#379617,Run2024C
379660,Run2024C
379661,Run2024C
379729,Run2024C
379765,Run2024C
379774,Run2024C
#379866,Run2024C
#379984,Run2024C
380001,Run2024C
380005,Run2024C
380007,Run2024C
380029,Run2024C
380030,Run2024C
380032,Run2024C
380043,Run2024C
380049,Run2024C
380051,Run2024C
#380053,Run2024C
#380056,Run2024C
380066,Run2024C
#380074,Run2024C
#380115,Run2024C
380126,Run2024C
380127,Run2024C
380128,Run2024C
#380195,Run2024C
380197,Run2024C
#380306,Run2024D
#380309,Run2024D
#380310,Run2024D
380346,Run2024D
380348,Run2024D
380349,Run2024D
#380360,Run2024D
380377,Run2024D
380384,Run2024D
380385,Run2024D
380399,Run2024D
380403,Run2024D
380444,Run2024D
380446,Run2024D
380447,Run2024D
380466,Run2024D
380470,Run2024D
380481,Run2024D
380513,Run2024D
380531,Run2024D
380534,Run2024D
380538,Run2024D
380623,Run2024D
380624,Run2024D
380627,Run2024D
380647,Run2024D
380648,Run2024D
380649,Run2024D
380933,Run2024D
380945,Run2024D
380947,Run2024D
380963,Run2024E
381022,Run2024E
381053,Run2024E
381065,Run2024E
381067,Run2024E
381069,Run2024E
381070,Run2024E
381075,Run2024E
381078,Run2024E
381079,Run2024E
381080,Run2024E
381113,Run2024E
381114,Run2024E
381115,Run2024E
381148,Run2024E
#381149,Run2024E
#381151,Run2024E
#381152,Run2024E
381164,Run2024E
381190,Run2024E
381191,Run2024E
381199,Run2024E
381212,Run2024E
381286,Run2024E
381309,Run2024E
381364,Run2024E
381365,Run2024E
381371,Run2024E
381379,Run2024E
381380,Run2024E
381384,Run2024E
381417,Run2024E
381443,Run2024E
381477,Run2024E
381479,Run2024E
381480,Run2024E
381484,Run2024E
381499,Run2024E
381500,Run2024E
381515,Run2024E
381516,Run2024E
381543,Run2024E
381544,Run2024E
#381594,Run2024E
#392175,Run2025C
#392194,Run2025C
#392196,Run2025C
#392197,Run2025C
#392203,Run2025C
#392204,Run2025C
#392205,Run2025C
#392206,Run2025C
#392207,Run2025C
#392220,Run2025C
#392221,Run2025C
#392250,Run2025C
#392251,Run2025C
#392295,Run2025C
#392296,Run2025C
#392301,Run2025C
#392358,Run2025C
#392360,Run2025C
#392361,Run2025C
#392363,Run2025C
#392382,Run2025C
#392431,Run2025C
#392440,Run2025C
#392441,Run2025C
#392442,Run2025C
#392473,Run2025C
#392477,Run2025C
#392524,Run2025C
#392526,Run2025C
#392538,Run2025C
#392542,Run2025C
#392633,Run2025C
#392634,Run2025C
#392642,Run2025C
#392668,Run2025C
#392669,Run2025C
#392672,Run2025C
#392676,Run2025C
#392700,Run2025C
#392705,Run2025C
#392710,Run2025C
#392732,Run2025C
#392733,Run2025C
#392751,Run2025C
#392787,Run2025C
#392925,Run2025C
#392959,Run2025C
#392991,Run2025C
#392993,Run2025C
#392997,Run2025C
#393015,Run2025C
#393071,Run2025C
#393085,Run2025C
#393087,Run2025C
#393111,Run2025C
#393125,Run2025C
#393129,Run2025C
#393147,Run2025C
#393168,Run2025C
#393169,Run2025C
#393171,Run2025C
#393240,Run2025C
#393273,Run2025C
#393276,Run2025C
#393331,Run2025C
393346,Run2025C
393347,Run2025C
393376,Run2025C
393377,Run2025C
393378,Run2025C
393445,Run2025C
393448,Run2025C
393461,Run2025C
#393512,Run2025C
#393514,Run2025C
#393516,Run2025C
394637,Run2025D
394673,Run2025D
394677,Run2025D
394702,Run2025D
394727,Run2025D
394753,Run2025D
394754,Run2025D
394776,Run2025D
394789,Run2025D
394820,Run2025D
395431,Run2025D
395444,Run2025D
395445,Run2025D
395465,Run2025D
395497,Run2025D
395505,Run2025D
395507,Run2025D
395509,Run2025D
395517,Run2025D
395519,Run2025D
395524,Run2025D
395525,Run2025D
395549,Run2025D
395606,Run2025D
395607,Run2025D
395608,Run2025D
395616,Run2025D
395622,Run2025D
#395639,Run2025D
#395641,Run2025D
395648,Run2025D
395649,Run2025D
395650,Run2025D
395670,Run2025D
#395729,Run2025D
#395730,Run2025D
#395747,Run2025D
#395749,Run2025D
#395750,Run2025D
#395758,Run2025D
#395759,Run2025D
#395760,Run2025D
#395762,Run2025D
395773,Run2025D
#395817,Run2025D
395876,Run2025D
395900,Run2025D
395922,Run2025D
395924,Run2025D
395926,Run2025D
395939,Run2025D
395947,Run2025D
395948,Run2025D
395984,Run2025E
395987,Run2025E
396008,Run2025E
396009,Run2025E
396021,Run2025E
396057,Run2025E
396058,Run2025E
396102,Run2025E
396127,Run2025E
396134,Run2025E
396135,Run2025E
396148,Run2025E
396152,Run2025E
#396153,Run2025E
396154,Run2025E
396157,Run2025E
396158,Run2025E
396177,Run2025E
396180,Run2025E
#396185,Run2025E
#396191,Run2025E
396216,Run2025E
396222,Run2025E
396225,Run2025E
396227,Run2025E
396228,Run2025E
396243,Run2025E
#396260,Run2025E
396282,Run2025E
396283,Run2025E
396319,Run2025E
396335,Run2025E
396337,Run2025E
396356,Run2025E
396372,Run2025E
#396393,Run2025E
396397,Run2025E
396398,Run2025E
#396399,Run2025E
#396725,Run2025F
#396733,Run2025F
#396735,Run2025F
396757,Run2025F
396761,Run2025F
396762,Run2025F
396763,Run2025F
396773,Run2025F
396805,Run2025F
396819,Run2025F
396826,Run2025F
396843,Run2025F
396845,Run2025F
396847,Run2025F
396850,Run2025F
396870,Run2025F
396871,Run2025F
396872,Run2025F
396891,Run2025F
396892,Run2025F
396965,Run2025F
396988,Run2025F
396999,Run2025F
397021,Run2025F
397033,Run2025F
397049,Run2025F
397050,Run2025F
397097,Run2025F
397098,Run2025F
#397106,Run2025F
397186,Run2025F
397209,Run2025F
397226,Run2025F
397227,Run2025F
397243,Run2025F
397246,Run2025F
397249,Run2025F
397253,Run2025F
397255,Run2025F
397258,Run2025F
397262,Run2025F
397292,Run2025F
397293,Run2025F
397294,Run2025F
397296,Run2025F
397332,Run2025F
397347,Run2025F
397348,Run2025F
397368,Run2025F
397377,Run2025F
397383,Run2025F
397384,Run2025F
397414,Run2025F
397432,Run2025F
397449,Run2025F
397452,Run2025F
397456,Run2025F
397457,Run2025F
397489,Run2025F
397490,Run2025F
397491,Run2025F
397492,Run2025F
397568,Run2025F
397569,Run2025F
397580,Run2025F
397594,Run2025F
397595,Run2025F
397596,Run2025F
397619,Run2025F
397620,Run2025F
397621,Run2025F
397622,Run2025F
397638,Run2025F
397702,Run2025F
397704,Run2025F
397709,Run2025F
397712,Run2025F
397728,Run2025F
397729,Run2025F
397763,Run2025F
397764,Run2025F
397768,Run2025F
397777,Run2025F
397779,Run2025F
397780,Run2025F
397791,Run2025F
397793,Run2025F
397794,Run2025F
397813,Run2025F
397817,Run2025F
397954,Run2025G
397962,Run2025G
398023,Run2025G
398027,Run2025G
398039,Run2025G
398040,Run2025G
398081,Run2025G
398086,Run2025G
398088,Run2025G
398104,Run2025G
398121,Run2025G
398139,Run2025G
398143,Run2025G
398144,Run2025G
398178,Run2025G
398183,Run2025G
398185,Run2025G
398188,Run2025G
398189,Run2025G
398203,Run2025G
398208,Run2025G
398288,Run2025G
398308,Run2025G
398310,Run2025G
398315,Run2025G
398335,Run2025G
398337,Run2025G
398348,Run2025G
398365,Run2025G
398368,Run2025G
398391,Run2025G
398395,Run2025G
398396,Run2025G
398419,Run2025G
398427,Run2025G
398458,Run2025G
398460,Run2025G
398515,Run2025G
398517,Run2025G
398538,Run2025G
398539,Run2025G
398540,Run2025G
398541,Run2025G
398548,Run2025G
398549,Run2025G
398558,Run2025G
398593,Run2025G
398594,Run2025G
398595,Run2025G
398600,Run2025G
398647,Run2025G
398648,Run2025G
398675,Run2025G
398680,Run2025G
398681,Run2025G
398683,Run2025G
